parserId,uses
blankLineParser,1237
versionParser,703
newFeatureParser,690
catchAllParagraphParser,317
bugFixParser,277
breakingChangeParser,248
lineOfCodeParser,226
BlobParser,200
quickLinkParser,104
listAftertextParser,96
scrollQuestionParser,65
h2Parser,54
codeParser,51
scrollImportedParser,48
slashCommentParser,43
belowAsCodeParser,31
quickRelativeLinkParser,28
quickCssParser,27
scrollCenterParser,26
cssLineParser,25
editButtonParser,25
aboveAsCodeParser,18
horizontalRuleParser,16
addClassMarkupParser,15
baseUrlParser,14
homeButtonParser,13
scrollInlineCssParser,13
metaTagsParser,13
editBaseUrlParser,13
buildHtmlParser,13
h1Parser,12
buildTxtParser,12
copyButtonsParser,12
scrollLeftRightButtonsParser,12
scrollVersionLinkParser,12
emailButtonParser,12
theScrollButtonParser,11
keyboardNavParser,11
scrollBrParser,11
scrollTitleParser,11
printTableParser,10
quickImageParser,10
printTitleParser,10
orderedListAftertextParser,9
styleTweakParser,8
chatLineParser,8
cssParser,8
codeWithLanguageParser,8
thinColumnsParser,8
scrollTableDataParser,7
scrollTableParser,7
afterTextCenterParser,7
endColumnsParser,7
inlineMarkupParser,7
codeWithHeaderParser,6
aftertextCodeParser,6
captionAftertextParser,6
scrollLinkParser,6
scrollTableDelimiterParser,5
aftertextStyleParser,5
h3Parser,5
joinParser,5
scrollNavParser,5
scrollTagsParser,5
footnoteDefinitionParser,4
scrollDinkusParser,4
scrollMediaLoopParser,4
scrollLinkTitleParser,4
scrollContainerParser,4
catchAllJavascriptCodeLineParser,3
parserDefinitionParser,3
lineOfTextParser,3
checklistDoneParser,3
quickParagraphParser,3
italicsParser,3
expanderParser,3
buildCsvParser,3
replaceParser,3
scrollSelectParser,3
tableSearchParser,3
cueFromIdParser,2
extendsParserParser,2
hoverNoteParser,2
htmlParser,2
linkTitleParser,2
checklistTodoParser,2
scrollChatParser,2
permalinkParser,2
quickTableParser,2
importOnlyParser,2
heatrixParser,2
scrollTransposeParser,2
scrollWhereParser,2
redirectToParser,1
messageParser,1
hiddenMessageParser,1
parsersJavascriptParser,1
inScopeParser,1
catchAllAtomTypeParser,1
pParser,1
parsersCueParser,1
scrollDashboardParser,1
printSiteMapParser,1
endOfPostDinkusParser,1
matchParser,1
matchAllParser,1
datelineParser,1
linkTargetParser,1
katexParser,1
sparklineParser,1
aftertextStrikeParser,1
boldParser,1
scrollMusicParser,1
scrollVideoParser,1
quickVideoParser,1
quickSoundParser,1
aftertextRightParser,1
thinColumnParser,1
useParserPoolParser,1
buildMeasuresParser,1
buildConceptsParser,1
mediumColumnsParser,1
debugParsersParser,1
buildParsersParser,1
printUsageStatsParser,1
printparsersLeetSheetParser,1
scrollPostsMetaParser,1
scrollOrderByParser,1
assertHtmlIncludesParser,1
printScrollLeetSheetParser,1
buildJsonParser,1
emailLinkParser,1
clocParser,1
hamlParser,1
downloadButtonParser,1
helpfulNotFoundParser,1
scrollThemeParser,1